,pokemon_name,weight,height,base_hp
1,bulbasaur,69,7,45
2,ivysaur,130,10,60
3,venusaur,1000,20,80
4,charmander,85,6,39
5,charmeleon,190,11,58
6,charizard,905,17,78
7,squirtle,90,5,44
8,wartortle,225,10,59
9,blastoise,855,16,79
10,caterpie,29,3,45
11,metapod,99,7,50
12,butterfree,320,11,60
13,weedle,32,3,40
14,kakuna,100,6,45
15,beedrill,295,10,65
16,pidgey,18,3,40
17,pidgeotto,300,11,63
18,pidgeot,395,15,83
19,rattata,35,3,30
20,raticate,185,7,55
21,spearow,20,3,40
22,fearow,380,12,65
23,ekans,69,20,35
24,arbok,650,35,60
25,pikachu,60,4,35
26,raichu,300,8,60
27,sandshrew,120,6,50
28,sandslash,295,10,75
29,nidoran-f,70,4,55
30,nidorina,200,8,70
31,nidoqueen,600,13,90
32,nidoran-m,90,5,46
33,nidorino,195,9,61
34,nidoking,620,14,81
35,clefairy,75,6,70
36,clefable,400,13,95
37,vulpix,99,6,38
38,ninetales,199,11,73
39,jigglypuff,55,5,115
40,wigglytuff,120,10,140
41,zubat,75,8,40
42,golbat,550,16,75
43,oddish,54,5,45
44,gloom,86,8,60
45,vileplume,186,12,75
46,paras,54,3,35
47,parasect,295,10,60
48,venonat,300,10,60
49,venomoth,125,15,70
50,diglett,8,2,10
51,dugtrio,333,7,35
52,meowth,42,4,40
53,persian,320,10,65
54,psyduck,196,8,50
55,golduck,766,17,80
56,mankey,280,5,40
57,primeape,320,10,65
58,growlithe,190,7,55
59,arcanine,1550,19,90
60,poliwag,124,6,40
61,poliwhirl,200,10,65
62,poliwrath,540,13,90
63,abra,195,9,25
64,kadabra,565,13,40
65,alakazam,480,15,55
66,machop,195,8,70
67,machoke,705,15,80
68,machamp,1300,16,90
69,bellsprout,40,7,50
70,weepinbell,64,10,65
71,victreebel,155,17,80
72,tentacool,455,9,40
73,tentacruel,550,16,80
74,geodude,200,4,40
75,graveler,1050,10,55
76,golem,3000,14,80
77,ponyta,300,10,50
78,rapidash,950,17,65
79,slowpoke,360,12,90
80,slowbro,785,16,95
81,magnemite,60,3,25
82,magneton,600,10,50
83,farfetchd,150,8,52
84,doduo,392,14,35
85,dodrio,852,18,60
86,seel,900,11,65
87,dewgong,1200,17,90
88,grimer,300,9,80
89,muk,300,12,105
90,shellder,40,3,30
91,cloyster,1325,15,50
92,gastly,1,13,30
93,haunter,1,16,45
94,gengar,405,15,60
95,onix,2100,88,35
96,drowzee,324,10,60
97,hypno,756,16,85
98,krabby,65,4,30
99,kingler,600,13,55
100,voltorb,104,5,40
101,electrode,666,12,60
102,exeggcute,25,4,60
103,exeggutor,1200,20,95
104,cubone,65,4,50
105,marowak,450,10,60
106,hitmonlee,498,15,50
107,hitmonchan,502,14,50
108,lickitung,655,12,90
109,koffing,10,6,40
110,weezing,95,12,65
111,rhyhorn,1150,10,80
112,rhydon,1200,19,105
113,chansey,346,11,250
114,tangela,350,10,65
115,kangaskhan,800,22,105
116,horsea,80,4,30
117,seadra,250,12,55
118,goldeen,150,6,45
119,seaking,390,13,80
120,staryu,345,8,30
121,starmie,800,11,60
122,mr-mime,545,13,40
123,scyther,560,15,70
124,jynx,406,14,65
125,electabuzz,300,11,65
126,magmar,445,13,65
127,pinsir,550,15,65
128,tauros,884,14,75
129,magikarp,100,9,20
130,gyarados,2350,65,95
131,lapras,2200,25,130
132,ditto,40,3,48
133,eevee,65,3,55
134,vaporeon,290,10,130
135,jolteon,245,8,65
136,flareon,250,9,65
137,porygon,365,8,65
138,omanyte,75,4,35
139,omastar,350,10,70
140,kabuto,115,5,30
141,kabutops,405,13,60
142,aerodactyl,590,18,80
143,snorlax,4600,21,160
144,articuno,554,17,90
145,zapdos,526,16,90
146,moltres,600,20,90
147,dratini,33,18,41
148,dragonair,165,40,61
149,dragonite,2100,22,91
150,mewtwo,1220,20,106
151,mew,40,4,100
152,chikorita,64,9,45
153,bayleef,158,12,60
154,meganium,1005,18,80
155,cyndaquil,79,5,39
156,quilava,190,9,58
157,typhlosion,795,17,78
158,totodile,95,6,50
159,croconaw,250,11,65
160,feraligatr,888,23,85
161,sentret,60,8,35
162,furret,325,18,85
163,hoothoot,212,7,60
164,noctowl,408,16,100
165,ledyba,108,10,40
166,ledian,356,14,55
167,spinarak,85,5,40
168,ariados,335,11,70
169,crobat,750,18,85
170,chinchou,120,5,75
171,lanturn,225,12,125
172,pichu,20,3,20
173,cleffa,30,3,50
174,igglybuff,10,3,90
175,togepi,15,3,35
176,togetic,32,6,55
177,natu,20,2,40
178,xatu,150,15,65
179,mareep,78,6,55
180,flaaffy,133,8,70
181,ampharos,615,14,90
182,bellossom,58,4,75
183,marill,85,4,70
184,azumarill,285,8,100
185,sudowoodo,380,12,70
186,politoed,339,11,90
187,hoppip,5,4,35
188,skiploom,10,6,55
189,jumpluff,30,8,75
190,aipom,115,8,55
191,sunkern,18,3,30
192,sunflora,85,8,75
193,yanma,380,12,65
194,wooper,85,4,55
195,quagsire,750,14,95
196,espeon,265,9,65
197,umbreon,270,10,95
198,murkrow,21,5,60
199,slowking,795,20,95
200,misdreavus,10,7,60
201,unown,50,5,48
202,wobbuffet,285,13,190
203,girafarig,415,15,70
204,pineco,72,6,50
205,forretress,1258,12,75
206,dunsparce,140,15,100
207,gligar,648,11,65
208,steelix,4000,92,75
209,snubbull,78,6,60
210,granbull,487,14,90
211,qwilfish,39,5,65
212,scizor,1180,18,70
213,shuckle,205,6,20
214,heracross,540,15,80
215,sneasel,280,9,55
216,teddiursa,88,6,60
217,ursaring,1258,18,90
218,slugma,350,7,40
219,magcargo,550,8,60
220,swinub,65,4,50
221,piloswine,558,11,100
222,corsola,50,6,65
223,remoraid,120,6,35
224,octillery,285,9,75
225,delibird,160,9,45
226,mantine,2200,21,85
227,skarmory,505,17,65
228,houndour,108,6,45
229,houndoom,350,14,75
230,kingdra,1520,18,75
231,phanpy,335,5,90
232,donphan,1200,11,90
233,porygon2,325,6,85
234,stantler,712,14,73
235,smeargle,580,12,55
236,tyrogue,210,7,35
237,hitmontop,480,14,50
238,smoochum,60,4,45
239,elekid,235,6,45
240,magby,214,7,45
241,miltank,755,12,95
242,blissey,468,15,255
243,raikou,1780,19,90
244,entei,1980,21,115
245,suicune,1870,20,100
246,larvitar,720,6,50
247,pupitar,1520,12,70
248,tyranitar,2020,20,100
249,lugia,2160,52,106
250,ho-oh,1990,38,106
251,celebi,50,6,100
252,treecko,50,5,40
253,grovyle,216,9,50
254,sceptile,522,17,70
255,torchic,25,4,45
256,combusken,195,9,60
257,blaziken,520,19,80
258,mudkip,76,4,50
259,marshtomp,280,7,70
260,swampert,819,15,100
261,poochyena,136,5,35
262,mightyena,370,10,70
263,zigzagoon,175,4,38
264,linoone,325,5,78
265,wurmple,36,3,45
266,silcoon,100,6,50
267,beautifly,284,10,60
268,cascoon,115,7,50
269,dustox,316,12,60
270,lotad,26,5,40
271,lombre,325,12,60
272,ludicolo,550,15,80
273,seedot,40,5,40
274,nuzleaf,280,10,70
275,shiftry,596,13,90
276,taillow,23,3,40
277,swellow,198,7,60
278,wingull,95,6,40
279,pelipper,280,12,60
280,ralts,66,4,28
281,kirlia,202,8,38
282,gardevoir,484,16,68
283,surskit,17,5,40
284,masquerain,36,8,70
285,shroomish,45,4,60
286,breloom,392,12,60
287,slakoth,240,8,60
288,vigoroth,465,14,80
289,slaking,1305,20,150
290,nincada,55,5,31
291,ninjask,120,8,61
292,shedinja,12,8,1
293,whismur,163,6,64
294,loudred,405,10,84
295,exploud,840,15,104
296,makuhita,864,10,72
297,hariyama,2538,23,144
298,azurill,20,2,50
299,nosepass,970,10,30
300,skitty,110,6,50
301,delcatty,326,11,70
302,sableye,110,5,50
303,mawile,115,6,50
304,aron,600,4,50
305,lairon,1200,9,60
306,aggron,3600,21,70
307,meditite,112,6,30
308,medicham,315,13,60
309,electrike,152,6,40
310,manectric,402,15,70
311,plusle,42,4,60
312,minun,42,4,60
313,volbeat,177,7,65
314,illumise,177,6,65
315,roselia,20,3,50
316,gulpin,103,4,70
317,swalot,800,17,100
318,carvanha,208,8,45
319,sharpedo,888,18,70
320,wailmer,1300,20,130
321,wailord,3980,145,170
322,numel,240,7,60
323,camerupt,2200,19,70
324,torkoal,804,5,70
325,spoink,306,7,60
326,grumpig,715,9,80
327,spinda,50,11,60
328,trapinch,150,7,45
329,vibrava,153,11,50
330,flygon,820,20,80
331,cacnea,513,4,50
332,cacturne,774,13,70
333,swablu,12,4,45
334,altaria,206,11,75
335,zangoose,403,13,73
336,seviper,525,27,73
337,lunatone,1680,10,90
338,solrock,1540,12,90
339,barboach,19,4,50
340,whiscash,236,9,110
341,corphish,115,6,43
342,crawdaunt,328,11,63
343,baltoy,215,5,40
344,claydol,1080,15,60
345,lileep,238,10,66
346,cradily,604,15,86
347,anorith,125,7,45
348,armaldo,682,15,75
349,feebas,74,6,20
350,milotic,1620,62,95
351,castform,8,3,70
352,kecleon,220,10,60
353,shuppet,23,6,44
354,banette,125,11,64
355,duskull,150,8,20
356,dusclops,306,16,40
357,tropius,1000,20,99
358,chimecho,10,6,75
359,absol,470,12,65
360,wynaut,140,6,95
361,snorunt,168,7,50
362,glalie,2565,15,80
363,spheal,395,8,70
364,sealeo,876,11,90
365,walrein,1506,14,110
366,clamperl,525,4,35
367,huntail,270,17,55
368,gorebyss,226,18,55
369,relicanth,234,10,100
370,luvdisc,87,6,43
371,bagon,421,6,45
372,shelgon,1105,11,65
373,salamence,1026,15,95
374,beldum,952,6,40
375,metang,2025,12,60
376,metagross,5500,16,80
377,regirock,2300,17,80
378,regice,1750,18,80
379,registeel,2050,19,80
380,latias,400,14,80
381,latios,600,20,80
382,kyogre,3520,45,100
383,groudon,9500,35,100
384,rayquaza,2065,70,105
385,jirachi,11,3,100
386,deoxys-normal,608,17,50
387,turtwig,102,4,55
388,grotle,970,11,75
389,torterra,3100,22,95
390,chimchar,62,5,44
391,monferno,220,9,64
392,infernape,550,12,76
393,piplup,52,4,53
394,prinplup,230,8,64
395,empoleon,845,17,84
396,starly,20,3,40
397,staravia,155,6,55
398,staraptor,249,12,85
399,bidoof,200,5,59
400,bibarel,315,10,79
401,kricketot,22,3,37
402,kricketune,255,10,77
403,shinx,95,5,45
404,luxio,305,9,60
405,luxray,420,14,80
406,budew,12,2,40
407,roserade,145,9,60
408,cranidos,315,9,67
409,rampardos,1025,16,97
410,shieldon,570,5,30
411,bastiodon,1495,13,60
412,burmy,34,2,40
413,wormadam-plant,65,5,60
414,mothim,233,9,70
415,combee,55,3,30
416,vespiquen,385,12,70
417,pachirisu,39,4,60
418,buizel,295,7,55
419,floatzel,335,11,85
420,cherubi,33,4,45
421,cherrim,93,5,70
422,shellos,63,3,76
423,gastrodon,299,9,111
424,ambipom,203,12,75
425,drifloon,12,4,90
426,drifblim,150,12,150
427,buneary,55,4,55
428,lopunny,333,12,65
429,mismagius,44,9,60
430,honchkrow,273,9,100
431,glameow,39,5,49
432,purugly,438,10,71
433,chingling,6,2,45
434,stunky,192,4,63
435,skuntank,380,10,103
436,bronzor,605,5,57
437,bronzong,1870,13,67
438,bonsly,150,5,50
439,mime-jr,130,6,20
440,happiny,244,6,100
441,chatot,19,5,76
442,spiritomb,1080,10,50
443,gible,205,7,58
444,gabite,560,14,68
445,garchomp,950,19,108
446,munchlax,1050,6,135
447,riolu,202,7,40
448,lucario,540,12,70
449,hippopotas,495,8,68
450,hippowdon,3000,20,108
451,skorupi,120,8,40
452,drapion,615,13,70
453,croagunk,230,7,48
454,toxicroak,444,13,83
455,carnivine,270,14,74
456,finneon,70,4,49
457,lumineon,240,12,69
458,mantyke,650,10,45
459,snover,505,10,60
460,abomasnow,1355,22,90
461,weavile,340,11,70
462,magnezone,1800,12,70
463,lickilicky,1400,17,110
464,rhyperior,2828,24,115
465,tangrowth,1286,20,100
466,electivire,1386,18,75
467,magmortar,680,16,75
468,togekiss,380,15,85
469,yanmega,515,19,86
470,leafeon,255,10,65
471,glaceon,259,8,65
472,gliscor,425,20,75
473,mamoswine,2910,25,110
474,porygon-z,340,9,85
475,gallade,520,16,68
476,probopass,3400,14,60
477,dusknoir,1066,22,45
478,froslass,266,13,70
479,rotom,3,3,50
480,uxie,3,3,75
481,mesprit,3,3,80
482,azelf,3,3,75
483,dialga,6830,54,100
484,palkia,3360,42,90
485,heatran,4300,17,91
486,regigigas,4200,37,110
487,giratina-altered,7500,45,150
488,cresselia,856,15,120
489,phione,31,4,80
490,manaphy,14,3,100
491,darkrai,505,15,70
492,shaymin-land,21,2,100
493,arceus,3200,32,120
494,victini,40,4,100
495,snivy,81,6,45
496,servine,160,8,60
497,serperior,630,33,75
498,tepig,99,5,65
499,pignite,555,10,90
500,emboar,1500,16,110
501,oshawott,59,5,55
502,dewott,245,8,75
503,samurott,946,15,95
504,patrat,116,5,45
505,watchog,270,11,60
506,lillipup,41,4,45
507,herdier,147,9,65
508,stoutland,610,12,85
509,purrloin,101,4,41
510,liepard,375,11,64
511,pansage,105,6,50
512,simisage,305,11,75
513,pansear,110,6,50
514,simisear,280,10,75
515,panpour,135,6,50
516,simipour,290,10,75
517,munna,233,6,76
518,musharna,605,11,116
519,pidove,21,3,50
520,tranquill,150,6,62
521,unfezant,290,12,80
522,blitzle,298,8,45
523,zebstrika,795,16,75
524,roggenrola,180,4,55
525,boldore,1020,9,70
526,gigalith,2600,17,85
527,woobat,21,4,65
528,swoobat,105,9,67
529,drilbur,85,3,60
530,excadrill,404,7,110
531,audino,310,11,103
532,timburr,125,6,75
533,gurdurr,400,12,85
534,conkeldurr,870,14,105
535,tympole,45,5,50
536,palpitoad,170,8,75
537,seismitoad,620,15,105
538,throh,555,13,120
539,sawk,510,14,75
540,sewaddle,25,3,45
541,swadloon,73,5,55
542,leavanny,205,12,75
543,venipede,53,4,30
544,whirlipede,585,12,40
545,scolipede,2005,25,60
546,cottonee,6,3,40
547,whimsicott,66,7,60
548,petilil,66,5,45
549,lilligant,163,11,70
550,basculin-red-striped,180,10,70
551,sandile,152,7,50
552,krokorok,334,10,60
553,krookodile,963,15,95
554,darumaka,375,6,70
555,darmanitan-standard,929,13,105
556,maractus,280,10,75
557,dwebble,145,3,50
558,crustle,2000,14,70
559,scraggy,118,6,50
560,scrafty,300,11,65
561,sigilyph,140,14,72
562,yamask,15,5,38
563,cofagrigus,765,17,58
564,tirtouga,165,7,54
565,carracosta,810,12,74
566,archen,95,5,55
567,archeops,320,14,75
568,trubbish,310,6,50
569,garbodor,1073,19,80
570,zorua,125,7,40
571,zoroark,811,16,60
572,minccino,58,4,55
573,cinccino,75,5,75
574,gothita,58,4,45
575,gothorita,180,7,60
576,gothitelle,440,15,70
577,solosis,10,3,45
578,duosion,80,6,65
579,reuniclus,201,10,110
580,ducklett,55,5,62
581,swanna,242,13,75
582,vanillite,57,4,36
583,vanillish,410,11,51
584,vanilluxe,575,13,71
585,deerling,195,6,60
586,sawsbuck,925,19,80
587,emolga,50,4,55
588,karrablast,59,5,50
589,escavalier,330,10,70
590,foongus,10,2,69
591,amoonguss,105,6,114
592,frillish,330,12,55
593,jellicent,1350,22,100
594,alomomola,316,12,165
595,joltik,6,1,50
596,galvantula,143,8,70
597,ferroseed,188,6,44
598,ferrothorn,1100,10,74
599,klink,210,3,40
600,klang,510,6,60
601,klinklang,810,6,60
602,tynamo,3,2,35
603,eelektrik,220,12,65
604,eelektross,805,21,85
605,elgyem,90,5,55
606,beheeyem,345,10,75
607,litwick,31,3,50
608,lampent,130,6,60
609,chandelure,343,10,60
610,axew,180,6,46
611,fraxure,360,10,66
612,haxorus,1055,18,76
613,cubchoo,85,5,55
614,beartic,2600,26,95
615,cryogonal,1480,11,80
616,shelmet,77,4,50
617,accelgor,253,8,80
618,stunfisk,110,7,109
619,mienfoo,200,9,45
620,mienshao,355,14,65
621,druddigon,1390,16,77
622,golett,920,10,59
623,golurk,3300,28,89
624,pawniard,102,5,45
625,bisharp,700,16,65
626,bouffalant,946,16,95
627,rufflet,105,5,70
628,braviary,410,15,100
629,vullaby,90,5,70
630,mandibuzz,395,12,110
631,heatmor,580,14,85
632,durant,330,3,58
633,deino,173,8,52
634,zweilous,500,14,72
635,hydreigon,1600,18,92
636,larvesta,288,11,55
637,volcarona,460,16,85
638,cobalion,2500,21,91
639,terrakion,2600,19,91
640,virizion,2000,20,91
641,tornadus-incarnate,630,15,79
642,thundurus-incarnate,610,15,79
643,reshiram,3300,32,100
644,zekrom,3450,29,100
645,landorus-incarnate,680,15,89
646,kyurem,3250,30,125
647,keldeo-ordinary,485,14,91
648,meloetta-aria,65,6,100
649,genesect,825,15,71
650,chespin,90,4,56
651,quilladin,290,7,61
652,chesnaught,900,16,88
653,fennekin,94,4,40
654,braixen,145,10,59
655,delphox,390,15,75
656,froakie,70,3,41
657,frogadier,109,6,54
658,greninja,400,15,72
659,bunnelby,50,4,38
660,diggersby,424,10,85
661,fletchling,17,3,45
662,fletchinder,160,7,62
663,talonflame,245,12,78
664,scatterbug,25,3,38
665,spewpa,84,3,45
666,vivillon,170,12,80
667,litleo,135,6,62
668,pyroar,815,15,86
669,flabebe,1,1,44
670,floette,9,2,54
671,florges,100,11,78
672,skiddo,310,9,66
673,gogoat,910,17,123
674,pancham,80,6,67
675,pangoro,1360,21,95
676,furfrou,280,12,75
677,espurr,35,3,62
678,meowstic-male,85,6,74
679,honedge,20,8,45
680,doublade,45,8,59
681,aegislash-shield,530,17,60
682,spritzee,5,2,78
683,aromatisse,155,8,101
684,swirlix,35,4,62
685,slurpuff,50,8,82
686,inkay,35,4,53
687,malamar,470,15,86
688,binacle,310,5,42
689,barbaracle,960,13,72
690,skrelp,73,5,50
691,dragalge,815,18,65
692,clauncher,83,5,50
693,clawitzer,353,13,71
694,helioptile,60,5,44
695,heliolisk,210,10,62
696,tyrunt,260,8,58
697,tyrantrum,2700,25,82
698,amaura,252,13,77
699,aurorus,2250,27,123
700,sylveon,235,10,95
701,hawlucha,215,8,78
702,dedenne,22,2,67
703,carbink,57,3,50
704,goomy,28,3,45
705,sliggoo,175,8,68
706,goodra,1505,20,90
707,klefki,30,2,57
708,phantump,70,4,43
709,trevenant,710,15,85
710,pumpkaboo-average,50,4,49
711,gourgeist-average,125,9,65
712,bergmite,995,10,55
713,avalugg,5050,20,95
714,noibat,80,5,40
715,noivern,850,15,85
716,xerneas,2150,30,126
717,yveltal,2030,58,126
718,zygarde,3050,50,108
719,diancie,88,7,50
720,hoopa,90,5,80
721,volcanion,1950,17,80
722,rowlet,15,3,68
723,dartrix,160,7,78
724,decidueye,366,16,78
725,litten,43,4,45
726,torracat,250,7,65
727,incineroar,830,18,95
728,popplio,75,4,50
729,brionne,175,6,60
730,primarina,440,18,80
731,pikipek,12,3,35
732,trumbeak,148,6,55
733,toucannon,260,11,80
734,yungoos,60,4,48
735,gumshoos,142,7,88
736,grubbin,44,4,47
737,charjabug,105,5,57
738,vikavolt,450,15,77
739,crabrawler,70,6,47
740,crabominable,1800,17,97
741,oricorio-baile,34,6,75
742,cutiefly,2,1,40
743,ribombee,5,2,60
744,rockruff,92,5,45
745,lycanroc-midday,250,8,75
746,wishiwashi-solo,3,2,45
747,mareanie,80,4,50
748,toxapex,145,7,50
749,mudbray,1100,10,70
750,mudsdale,9200,25,100
751,dewpider,40,3,38
752,araquanid,820,18,68
753,fomantis,15,3,40
754,lurantis,185,9,70
755,morelull,15,2,40
756,shiinotic,115,10,60
757,salandit,48,6,48
758,salazzle,222,12,68
759,stufful,68,5,70
760,bewear,1350,21,120
761,bounsweet,32,3,42
762,steenee,82,7,52
763,tsareena,214,12,72
764,comfey,3,1,51
765,oranguru,760,15,90
766,passimian,828,20,100
767,wimpod,120,5,25
768,golisopod,1080,20,75
769,sandygast,700,5,55
770,palossand,2500,13,85
771,pyukumuku,12,3,55
772,type-null,1205,19,95
773,silvally,1005,23,95
774,minior-red-meteor,400,3,60
775,komala,199,4,65
776,turtonator,2120,20,60
777,togedemaru,33,3,65
778,mimikyu-disguised,7,2,55
779,bruxish,190,9,68
780,drampa,1850,30,78
781,dhelmise,2100,39,70
782,jangmo-o,297,6,45
783,hakamo-o,470,12,55
784,kommo-o,782,16,75
785,tapu-koko,205,18,70
786,tapu-lele,186,12,70
787,tapu-bulu,455,19,70
788,tapu-fini,212,13,70
789,cosmog,1,2,43
790,cosmoem,9999,1,43
791,solgaleo,2300,34,137
792,lunala,1200,40,137
793,nihilego,555,12,109
794,buzzwole,3336,24,107
795,pheromosa,250,18,71
796,xurkitree,1000,38,83
797,celesteela,9999,92,97
798,kartana,1,3,59
799,guzzlord,8880,55,223
800,necrozma,2300,24,97
801,magearna,805,10,80
802,marshadow,222,7,90
803,poipole,18,6,67
804,naganadel,1500,36,73
805,stakataka,8200,55,61
806,blacephalon,130,18,53
807,zeraora,445,15,88
808,meltan,80,2,46
809,melmetal,8000,25,135
810,grookey,50,3,50
811,thwackey,140,7,70
812,rillaboom,900,21,100
813,scorbunny,45,3,50
814,raboot,90,6,65
815,cinderace,330,14,80
816,sobble,40,3,50
817,drizzile,115,7,65
818,inteleon,452,19,70
819,skwovet,25,3,70
820,greedent,60,6,120
821,rookidee,18,2,38
822,corvisquire,160,8,68
823,corviknight,750,22,98
824,blipbug,80,4,25
825,dottler,195,4,50
826,orbeetle,408,4,60
827,nickit,89,6,40
828,thievul,199,12,70
829,gossifleur,22,4,40
830,eldegoss,25,5,60
831,wooloo,60,6,42
832,dubwool,430,13,72
833,chewtle,85,3,50
834,drednaw,1155,10,90
835,yamper,135,3,59
836,boltund,340,10,69
837,rolycoly,120,3,30
838,carkol,780,11,80
839,coalossal,3105,28,110
840,applin,5,2,40
841,flapple,10,3,70
842,appletun,130,4,110
843,silicobra,76,22,52
844,sandaconda,655,38,72
845,cramorant,180,8,70
846,arrokuda,10,5,41
847,barraskewda,300,13,61
848,toxel,110,4,40
849,toxtricity-amped,400,16,75
850,sizzlipede,10,7,50
851,centiskorch,1200,30,100
852,clobbopus,40,6,50
853,grapploct,390,16,80
854,sinistea,2,1,40
855,polteageist,4,2,60
856,hatenna,34,4,42
857,hattrem,48,6,57
858,hatterene,51,21,57
859,impidimp,55,4,45
860,morgrem,125,8,65
861,grimmsnarl,610,15,95
862,obstagoon,460,16,93
863,perrserker,280,8,70
864,cursola,4,10,60
865,sirfetchd,1170,8,62
866,mr-rime,582,15,80
867,runerigus,666,16,58
868,milcery,3,2,45
869,alcremie,5,3,65
870,falinks,620,30,65
871,pincurchin,10,3,48
872,snom,38,3,30
873,frosmoth,420,13,70
874,stonjourner,5200,25,100
875,eiscue-ice,890,14,75
876,indeedee-male,280,9,60
877,morpeko,30,3,58
878,cufant,1000,12,72
879,copperajah,6500,30,122
880,dracozolt,1900,18,90
881,arctozolt,1500,23,90
882,dracovish,2150,23,90
883,arctovish,1750,20,90
884,duraludon,400,18,70
885,dreepy,20,5,28
886,drakloak,110,14,68
887,dragapult,500,30,88
888,zacian-hero,1100,28,92
889,zamazenta-hero,2100,29,92
890,eternatus,9500,200,140
891,kubfu,120,6,60
892,urshifu-single-strike,1050,19,100
893,zarude,700,18,105
894,regieleki,1450,12,80
895,regidrago,2000,21,200
896,glastrier,8000,22,100
897,spectrier,445,20,100
898,calyrex,77,11,100
10001,deoxys-attack,608,17,50
10002,deoxys-defense,608,17,50
10003,deoxys-speed,608,17,50
10004,wormadam-sandy,65,5,60
10005,wormadam-trash,65,5,60
10006,shaymin-sky,52,4,100
10007,giratina-origin,6500,69,150
10008,rotom-heat,3,3,50
10009,rotom-wash,3,3,50
10010,rotom-frost,3,3,50
10011,rotom-fan,3,3,50
10012,rotom-mow,3,3,50
10013,castform-sunny,8,3,70
10014,castform-rainy,8,3,70
10015,castform-snowy,8,3,70
10016,basculin-blue-striped,180,10,70
10017,darmanitan-zen,929,13,105
10018,meloetta-pirouette,65,6,100
10019,tornadus-therian,630,14,79
10020,thundurus-therian,610,30,79
10021,landorus-therian,680,13,89
10022,kyurem-black,3250,33,125
10023,kyurem-white,3250,36,125
10024,keldeo-resolute,485,14,91
10025,meowstic-female,85,6,74
10026,aegislash-blade,530,17,60
10027,pumpkaboo-small,35,3,44
10028,pumpkaboo-large,75,5,54
10029,pumpkaboo-super,150,8,59
10030,gourgeist-small,95,7,55
10031,gourgeist-large,140,11,75
10032,gourgeist-super,390,17,85
10033,venusaur-mega,1555,24,80
10034,charizard-mega-x,1105,17,78
10035,charizard-mega-y,1005,17,78
10036,blastoise-mega,1011,16,79
10037,alakazam-mega,480,12,55
10038,gengar-mega,405,14,60
10039,kangaskhan-mega,1000,22,105
10040,pinsir-mega,590,17,65
10041,gyarados-mega,3050,65,95
10042,aerodactyl-mega,790,21,80
10043,mewtwo-mega-x,1270,23,106
10044,mewtwo-mega-y,330,15,106
10045,ampharos-mega,615,14,90
10046,scizor-mega,1250,20,70
10047,heracross-mega,625,17,80
10048,houndoom-mega,495,19,75
10049,tyranitar-mega,2550,25,100
10050,blaziken-mega,520,19,80
10051,gardevoir-mega,484,16,68
10052,mawile-mega,235,10,50
10053,aggron-mega,3950,22,70
10054,medicham-mega,315,13,60
10055,manectric-mega,440,18,70
10056,banette-mega,130,12,64
10057,absol-mega,490,12,65
10058,garchomp-mega,950,19,108
10059,lucario-mega,575,13,70
10060,abomasnow-mega,1850,27,90
10061,floette-eternal,9,2,74
10062,latias-mega,520,18,80
10063,latios-mega,700,23,80
10064,swampert-mega,1020,19,100
10065,sceptile-mega,552,19,70
10066,sableye-mega,1610,5,50
10067,altaria-mega,206,15,75
10068,gallade-mega,564,16,68
10069,audino-mega,320,15,103
10070,sharpedo-mega,1303,25,70
10071,slowbro-mega,1200,20,95
10072,steelix-mega,7400,105,75
10073,pidgeot-mega,505,22,83
10074,glalie-mega,3502,21,80
10075,diancie-mega,278,11,50
10076,metagross-mega,9429,25,80
10077,kyogre-primal,4300,98,100
10078,groudon-primal,9997,50,100
10079,rayquaza-mega,3920,108,105
10080,pikachu-rock-star,60,4,35
10081,pikachu-belle,60,4,35
10082,pikachu-pop-star,60,4,35
10083,pikachu-phd,60,4,35
10084,pikachu-libre,60,4,35
10085,pikachu-cosplay,60,4,35
10086,hoopa-unbound,4900,65,80
10087,camerupt-mega,3205,25,70
10088,lopunny-mega,283,13,65
10089,salamence-mega,1126,18,95
10090,beedrill-mega,405,14,65
10091,rattata-alola,38,3,30
10092,raticate-alola,255,7,75
10093,raticate-totem-alola,1050,14,75
10094,pikachu-original-cap,60,4,35
10095,pikachu-hoenn-cap,60,4,35
10096,pikachu-sinnoh-cap,60,4,35
10097,pikachu-unova-cap,60,4,35
10098,pikachu-kalos-cap,60,4,35
10099,pikachu-alola-cap,60,4,35
10100,raichu-alola,210,7,60
10101,sandshrew-alola,400,7,50
10102,sandslash-alola,550,12,75
10103,vulpix-alola,99,6,38
10104,ninetales-alola,199,11,73
10105,diglett-alola,10,2,10
10106,dugtrio-alola,666,7,35
10107,meowth-alola,42,4,40
10108,persian-alola,330,11,65
10109,geodude-alola,203,4,40
10110,graveler-alola,1100,10,55
10111,golem-alola,3160,17,80
10112,grimer-alola,420,7,80
10113,muk-alola,520,10,105
10114,exeggutor-alola,4156,109,95
10115,marowak-alola,340,10,60
10116,greninja-battle-bond,400,15,72
10117,greninja-ash,400,15,72
10118,zygarde-10,335,12,54
10119,zygarde-50,3050,50,108
10120,zygarde-complete,6100,45,216
10121,gumshoos-totem,600,14,88
10122,vikavolt-totem,1475,26,77
10123,oricorio-pom-pom,34,6,75
10124,oricorio-pau,34,6,75
10125,oricorio-sensu,34,6,75
10126,lycanroc-midnight,250,11,85
10127,wishiwashi-school,786,82,45
10128,lurantis-totem,580,15,70
10129,salazzle-totem,810,21,68
10130,minior-orange-meteor,400,3,60
10131,minior-yellow-meteor,400,3,60
10132,minior-green-meteor,400,3,60
10133,minior-blue-meteor,400,3,60
10134,minior-indigo-meteor,400,3,60
10135,minior-violet-meteor,400,3,60
10136,minior-red,3,3,60
10137,minior-orange,3,3,60
10138,minior-yellow,3,3,60
10139,minior-green,3,3,60
10140,minior-blue,3,3,60
10141,minior-indigo,3,3,60
10142,minior-violet,3,3,60
10143,mimikyu-busted,7,2,55
10144,mimikyu-totem-disguised,28,4,55
10145,mimikyu-totem-busted,28,4,55
10146,kommo-o-totem,2075,24,75
10147,magearna-original,805,10,80
10148,pikachu-partner-cap,60,4,35
10149,marowak-totem,980,17,60
10150,ribombee-totem,20,4,60
10151,rockruff-own-tempo,92,5,45
10152,lycanroc-dusk,250,8,75
10153,araquanid-totem,2175,31,68
10154,togedemaru-totem,130,6,65
10155,necrozma-dusk,4600,38,97
10156,necrozma-dawn,3500,42,97
10157,necrozma-ultra,2300,75,97
10158,meowth-galar,75,4,50
10159,ponyta-galar,240,8,50
10160,rapidash-galar,800,17,65
10161,slowpoke-galar,360,12,90
10162,slowbro-galar,705,16,95
10163,farfetchd-galar,420,8,52
10164,weezing-galar,160,30,65
10165,mr-mime-galar,568,14,50
10166,articuno-galar,509,17,90
10167,zapdos-galar,582,16,90
10168,moltres-galar,660,20,90
10169,slowking-galar,795,18,95
10170,corsola-galar,5,6,60
10171,zigzagoon-galar,175,4,38
10172,linoone-galar,325,5,78
10173,darumaka-galar,400,7,70
10174,darmanitan-standard-galar,1200,17,105
10175,darmanitan-zen-galar,1200,17,105
10176,yamask-galar,15,5,38
10177,stunfisk-galar,205,7,109
10178,toxtricity-low-key,400,16,75
10179,eiscue-noice,890,14,75
10180,indeedee-female,28,9,70
10181,zacian-crowned,3550,28,92
10182,zamazenta-crowned,7850,29,92
10183,urshifu-rapid-strike,1050,19,100
10184,calyrex-ice-rider,8091,24,100
10185,calyrex-shadow-rider,536,24,100
10186,venusaur-gmax,10000,240,80
10187,charizard-gmax,10000,280,78
10188,blastoise-gmax,10000,250,79
10189,butterfree-gmax,10000,170,60
10190,pikachu-gmax,10000,210,35
10191,meowth-gmax,10000,330,40
10192,machamp-gmax,10000,250,90
10193,gengar-gmax,10000,200,60
10194,kingler-gmax,10000,190,55
10195,lapras-gmax,10000,240,130
10196,eevee-gmax,10000,180,55
10197,snorlax-gmax,10000,350,160
10198,garbodor-gmax,10000,210,80
10199,melmetal-gmax,10000,250,135
10200,rillaboom-gmax,10000,280,100
10201,cinderace-gmax,10000,270,80
10202,inteleon-gmax,10000,400,70
10203,corviknight-gmax,10000,140,98
10204,orbeetle-gmax,10000,140,60
10205,drednaw-gmax,10000,240,90
10206,coalossal-gmax,10000,420,110
10207,flapple-gmax,10000,240,70
10208,appletun-gmax,10000,240,110
10209,sandaconda-gmax,10000,220,72
10210,toxtricity-amped-gmax,10000,240,75
10211,centiskorch-gmax,10000,750,100
10212,hatterene-gmax,10000,260,57
10213,grimmsnarl-gmax,10000,320,95
10214,alcremie-gmax,10000,300,65
10215,copperajah-gmax,10000,230,122
10216,duraludon-gmax,10000,430,70
10217,eternatus-eternamax,10000,1000,255
10218,urshifu-single-strike-gmax,10000,290,100
10219,urshifu-rapid-strike-gmax,10000,260,100
10220,toxtricity-low-key-gmax,10000,240,75
